"Reference","Value","Footprint","Datasheet","Qty","DNP","Exclude from BOM","Exclude from Board"
"C1,C10","330p NPO","Capacitor_SMD:C_0805_2012Metric_Pad1.18x1.45mm_HandSolder","","2","","",""
"C2,C9","220n","Capacitor_SMD:C_1206_3216Metric_Pad1.33x1.80mm_HandSolder","","2","","",""
"C3,C8,C15,C19","10u X7R","Capacitor_SMD:C_1206_3216Metric_Pad1.33x1.80mm_HandSolder","","4","","",""
"C4,C5,C11,C12","100p","Capacitor_SMD:C_1206_3216Metric_Pad1.33x1.80mm_HandSolder","","4","","",""
"C6,C21,C22,C23,C24,C25,C26,C33,C35,C40,C42,C43,C45","100n","Capacitor_SMD:C_0805_2012Metric_Pad1.18x1.45mm_HandSolder","","13","","",""
"C7,C41,C44","10u tal","Capacitor_Tantalum_SMD:CP_EIA-3528-21_Kemet-B_HandSolder","","3","","",""
"C13,C16,C17,C20","470p NPO","Capacitor_SMD:C_0805_2012Metric_Pad1.18x1.45mm_HandSolder","","4","","",""
"C14,C18","1.5n","Capacitor_SMD:C_0805_2012Metric_Pad1.18x1.45mm_HandSolder","","2","","",""
"C27,C30,C38","100u","@Projet:CP_Elec_6.3x9.9_WM","","3","","",""
"C28,C31,C37","20u","@Projet:CP_Elec_5x5.4_WM","","3","","",""
"C29,C32,C34,C36","10u Tal","Capacitor_Tantalum_SMD:CP_EIA-3528-21_Kemet-B_HandSolder","","4","","",""
"D1,D2","1N4148W","Diode_SMD:D_SOD-123","https://www.vishay.com/docs/85748/1n4148w.pdf","2","","",""
"FB1,FB3","FerriteBead","Inductor_SMD:L_1206_3216Metric_Pad1.22x1.90mm_HandSolder","","2","","",""
"FB2,FB4","FerriteBead_Small","Inductor_SMD:L_0805_2012Metric_Pad1.05x1.20mm_HandSolder","","2","","",""
"J1","InL","@Projet:Jack 6.25","https://www.neutrik.com/en/product/nmj6hcd3","1","","",""
"J2","InR","@Projet:Jack 6.25","https://www.neutrik.com/en/product/nmj6hcd3","1","","",""
"J3","OutR","@Projet:Jack 6.25","https://www.neutrik.com/en/product/nmj6hcd3","1","","",""
"J4","OutL","@Projet:Jack 6.25","https://www.neutrik.com/en/product/nmj6hcd3","1","","",""
"J5","SAI","Connector_PinHeader_2.54mm:PinHeader_1x07_P2.54mm_Vertical","","1","","",""
"J6","Vol","Connector_PinHeader_2.54mm:PinHeader_1x06_P2.54mm_Vertical","","1","","",""
"J7,J8","+12V","Connector_PinHeader_2.54mm:PinHeader_1x02_P2.54mm_Vertical","","2","","",""
"J9","ByPass","Connector_PinHeader_2.54mm:PinHeader_1x02_P2.54mm_Vertical","","1","","",""
"K1,K2","G6K-2F-Y","Relay_SMD:Relay_DPDT_Omron_G6K-2F-Y","http://omronfs.omron.com/en_US/ecb/products/pdf/en-g6k.pdf","2","","",""
"PS1","A1209S 2W","@Projet:Converter_DCDC_TRACO_TBA2-xxxx_Dual_THT","","1","","",""
"PS2","B1209S","@Projet:Converter_DCDC_TRACO_TBA2-xxxx_Single_THT","","1","","",""
"R1,R2,R10,R11,R17,R21,R28,R32,R40,R41,R42,R43,R44","10k","Resistor_SMD:R_1206_3216Metric_Pad1.30x1.75mm_HandSolder","","13","","",""
"R3,R9","20k","Resistor_SMD:R_1206_3216Metric_Pad1.30x1.75mm_HandSolder","","2","","",""
"R4,R6,R7,R8,R13,R14,R36,R51","1k","Resistor_SMD:R_1206_3216Metric_Pad1.30x1.75mm_HandSolder","","8","","",""
"R5,R12,R37","220k","Resistor_SMD:R_1206_3216Metric_Pad1.30x1.75mm_HandSolder","","3","","",""
"R15,R23,R26,R35","7.5k","Resistor_SMD:R_1206_3216Metric_Pad1.30x1.75mm_HandSolder","","4","","",""
"R16,R20,R27,R31","820","Resistor_SMD:R_1206_3216Metric_Pad1.30x1.75mm_HandSolder","","4","","",""
"R18,R29","100","Resistor_SMD:R_1206_3216Metric_Pad1.30x1.75mm_HandSolder","","2","","",""
"R19,R22,R30,R33","22k","Resistor_SMD:R_1206_3216Metric_Pad1.30x1.75mm_HandSolder","","4","","",""
"R24,R34","100k","Resistor_SMD:R_1206_3216Metric_Pad1.30x1.75mm_HandSolder","","2","","",""
"R25,R52","1K","Resistor_SMD:R_1206_3216Metric_Pad1.30x1.75mm_HandSolder","","2","","",""
"R38,R39","4.7k","Resistor_SMD:R_1206_3216Metric_Pad1.30x1.75mm_HandSolder","","2","","",""
"R45,R48","120 0.1%","Resistor_SMD:R_0805_2012Metric_Pad1.20x1.40mm_HandSolder","","2","","",""
"R46,R47","360 0.1%","Resistor_SMD:R_0805_2012Metric_Pad1.20x1.40mm_HandSolder","","2","","",""
"R49","1M","Resistor_SMD:R_1206_3216Metric_Pad1.30x1.75mm_HandSolder","","1","","",""
"R50","0","Resistor_SMD:R_1206_3216Metric_Pad1.30x1.75mm_HandSolder","","1","","",""
"RV1,RV2","10k","@Projet:Potentioneter Double 1 ligne","","2","","",""
"TP1","GNDA","TestPoint:TestPoint_Pad_4.0x4.0mm","","1","","",""
"TP2","GNDA","Connector_Pin:Pin_D1.3mm_L11.0mm","","1","","",""
"U1","OPA1642","Package_SO:SOP-8_3.76x4.96mm_P1.27mm","https://www.ti.com/product/OPA1612","1","","",""
"U2","OPA1644","Package_SO:SOIC-14_3.9x8.7mm_P1.27mm","https://www.ti.com/product/OPA1644","1","","",""
"U3","PCM3060","Package_SO:TSSOP-28_4.4x9.7mm_P0.65mm","https://www.ti.com/lit/gpn/pcm3060","1","","",""
"U4","NE5532","Package_SO:SOP-8_3.76x4.96mm_P1.27mm","http://www.ti.com/lit/ds/symlink/ne5532.pdf","1","","",""
"U5","PGA2310","Package_SO:SOIC-16W_7.5x10.3mm_P1.27mm","https://www.ti.com/product/PGA2310","1","","",""
"U6","LM317_SOT-223","Package_TO_SOT_SMD:SOT-223-3_TabPin2","http://www.ti.com/lit/ds/symlink/lm317.pdf","1","","",""
"U7","LM337_SOT223","Package_TO_SOT_SMD:SOT-223-3_TabPin2","http://www.ti.com/lit/ds/symlink/lm337-n.pdf","1","","",""
"U8","L78L05_SOT89","Package_TO_SOT_SMD:SOT-89-3","http://www.st.com/content/ccc/resource/technical/document/datasheet/15/55/e5/aa/23/5b/43/fd/CD00000446.pdf/files/CD00000446.pdf/jcr:content/translations/en.CD00000446.pdf","1","","",""
